,accuracy,loss,n_extra,params
0,0.975999997139,0.122576809645,0.0,153635.0
1,0.952000000477,0.13790861392,1.0,155939.0
2,0.616000001907,0.788101240158,2.0,158243.0
3,0.975999997139,0.233469847918,3.0,160547.0
4,0.976000000477,0.225621198654,4.0,162851.0
5,0.256000001192,1.10333406639,5.0,165155.0
6,0.256000001192,1.10067077446,6.0,167459.0
7,0.368,1.22498111439,7.0,169763.0
8,0.256000001192,1.09996952534,8.0,172067.0
